[{"fish_img":"1.jpg","fish_name":"Indian Mackerel","cat_name":"Marine Fish","size_name":"Medium","price":"100"},
{"fish_img":"2.jpg","fish_name":"Manthal Repti","cat_name":"Marine Fish","size_name":"Small","price":"200"},
{"fish_img":"3.jpg","fish_name":"Baby Sole Fish","cat_name":"Marine Fish","size_name":"Small","price":"600"},
{"fish_img":"4.jpg","fish_name":"Silver Pomfret","cat_name":"Marine Fish","size_name":"Large","price":"300"},
{"fish_img":"5.jpg","fish_name":"Squid","cat_name":"Shell Fish","size_name":"Small","price":"800"},
{"fish_img":"6.jpg","fish_name":"Clam Meat","cat_name":"Shell Fish","size_name":"Small","price":"350"},
{"fish_img":"7.jpg","fish_name":"Indian Prawns","cat_name":"Shell Fish","size_name":"Medium","price":"270"},
{"fish_img":"8.jpg","fish_name":"Mud Crab","cat_name":"Shell Fish","size_name":"Medium","price":"490"},
{"fish_img":"9.jpg","fish_name":"Grey Mullet","cat_name":"Backwater Fish","size_name":"Small","price":"670"},
{"fish_img":"10.jpg","fish_name":"Baasa","cat_name":"Backwater Fish","size_name":"Large","price":"230"},
{"fish_img":"11.jpg","fish_name":"Pearl Spot","cat_name":"Backwater Fish","size_name":"Small","price":"340"},
{"fish_img":"12.jpg","fish_name":"Anchovy","cat_name":"Marine Fish","size_name":"Small","price":"130"},
{"fish_img":"13.jpg","fish_name":"Sole Fish","cat_name":"Marine Fish","size_name":"Medium","price":"250"},
{"fish_img":"14.jpg","fish_name":"Silver Croaker","cat_name":"Marine Fish","size_name":"Small","price":"220"}]